{"branches": 48.26388888888889, "coverage": 85.41788087189649}