{"branches": 44.09448818897638, "coverage": 84.96221974482843}