{"branches": 55.118110236220474, "coverage": 87.04323052149138}