{"branches": 44.09448818897638, "coverage": 85.01176762046327}