{"branches": 37.3134328358209, "coverage": 80.73100706713781}