{"branches": 48.26388888888889, "coverage": 85.46620046620048}