{"branches": 48.26388888888889, "coverage": 85.12444754594092}