{"branches": 37.81094527363184, "coverage": 81.00706713780919}