{"branches": 43.710691823899374, "coverage": 83.14363760528113}